browser_code,browser
Mozilla/5.0 (Windows NT 6.1; WOW64) AppleWebKit/537.36 (KHTML, like Gecko) Chrome/33.0.1750.117 Safari/537.36,Chrome
Opera/9.80 (Windows NT 6.1) Presto/2.12.388 Version/12.16,Opera
Mozilla/5.0 (compatible; MSIE 9.0; Windows NT 6.1; Trident/5.0),Internet_Explorer
Mozilla/5.0 (Windows NT 6.2; WOW64) AppleWebKit/537.36 (KHTML, like Gecko) Chrome/33.0.1750.117 Safari/537.36,Chrome
Mozilla/5.0 (Windows NT 6.1; WOW64) AppleWebKit/537.36 (KHTML, like Gecko) Chrome/31.0.1650.63 Safari/537.36,Chrome
Mozilla/5.0 (iPhone; CPU iPhone OS 7_0_3 like Mac OS X) AppleWebKit/537.51.1 (KHTML, like Gecko) Mobile/11B511 [FBAN/FBIOS;FBAV/6.8;FBBV/745892;FBDV/iPhone6,1;FBMD/iPhone;FBSN/iPhone OS;FBSV/7.0.3;FBSS/2; FBCR/AT&T;FBID/phone;FBLC/en_US;FBOP/5],Facebook_App
Mozilla/5.0 (Windows NT 6.1; rv:27.0) Gecko/20100101 Firefox/27.0,Firefox
Mozilla/5.0 (Windows NT 6.1) AppleWebKit/537.36 (KHTML, like Gecko) Chrome/32.0.1700.107 Safari/537.36,Chrome
Mozilla/5.0 (Windows NT 6.2; rv:27.0) Gecko/20100101 Firefox/27.0,Firefox
Mozilla/5.0 (Windows NT 6.1; WOW64) AppleWebKit/537.36 (KHTML, like Gecko) Chrome/27.0.1453.94 Safari/537.36,Chrome
Mozilla/5.0 (Macintosh; Intel Mac OS X 10_9_1) AppleWebKit/537.36 (KHTML, like Gecko) Chrome/33.0.1750.117 Safari/537.36,Chrome
Mozilla/5.0 (Windows NT 5.1; rv:7.0) Gecko/20100101 Firefox/7.0,Firefox
Mozilla/5.0 (Macintosh; Intel Mac OS X 10_6_8) AppleWebKit/534.59.10 (KHTML, like Gecko) Version/5.1.9 Safari/534.59.10,Safari
Mozilla/5.0 (Windows NT 6.1; WOW64; Trident/7.0; rv:11.0) like Gecko,Internet_Explorer
Mozilla/5.0 (Windows NT 6.1; WOW64) AppleWebKit/537.36 (KHTML, like Gecko) Chrome/27.0.1453.93 Safari/537.36,Chrome
Mozilla/5.0 (Windows NT 6.0) AppleWebKit/537.36 (KHTML, like Gecko) Chrome/33.0.1750.117 Safari/537.36,Chrome
Mozilla/5.0 (Windows NT 6.1) AppleWebKit/537.36 (KHTML, like Gecko) Chrome/33.0.1750.117 Safari/537.36,Chrome
Mozilla/5.0 (Windows NT 6.3; WOW64) AppleWebKit/537.36 (KHTML, like Gecko) Chrome/33.0.1750.117 Safari/537.36,Chrome
Mozilla/5.0 (Linux; U; Android 4.0.4; en-us; ADR6400L 4G Build/IMM76D) AppleWebKit/534.30 (KHTML, like Gecko) Version/4.0 Mobile Safari/534.30,Android_Browser
Mozilla/4.0 (compatible; MSIE 8.0; Windows NT 6.1; Trident/4.0; BTRS100158; GTB7.5; SLCC2; .NET CLR 2.0.50727; .NET CLR 3.5.30729; .NET CLR 3.0.30729; Media Center PC 6.0; InfoPath.2; .NET4.0C),Internet_Explorer
Mozilla/5.0 (BB10; Touch) AppleWebKit/537.10+ (KHTML, like Gecko) Version/10.1.0.2050 Mobile Safari/537.10+,BlackBerry_Browser
Mozilla/5.0 (Linux; Android 4.2.2; SAMSUNG-SGH-I337 Build/JDQ39) AppleWebKit/537.36 (KHTML, like Gecko) Chrome/32.0.1700.99 Mobile Safari/537.36,Chrome
Mozilla/5.0 (compatible; MSIE 10.0; Windows NT 6.2; WOW64; Trident/6.0),Internet_Explorer
Mozilla/5.0 (Macintosh; Intel Mac OS X 10_7_5) AppleWebKit/537.36 (KHTML, like Gecko) Chrome/33.0.1750.117 Safari/537.36,Chrome
Opera/9.80 (Windows NT 6.1; WOW64) Presto/2.12.388 Version/12.15,Opera
Mozilla/4.0 (compatible; MSIE 7.0; Windows NT 6.2; WOW64; Trident/6.0; .NET4.0E; .NET4.0C; .NET CLR 3.5.30729; .NET CLR 2.0.50727; .NET CLR 3.0.30729; MAGWJS),Internet_Explorer
Mozilla/5.0 (Macintosh; Intel Mac OS X 10.7; rv:27.0) Gecko/20100101 Firefox/27.0,Firefox
Mozilla/5.0 (Windows NT 6.2; WOW64) AppleWebKit/537.36 (KHTML, like Gecko) Chrome/32.0.1700.107 Safari/537.36,Chrome
Mozilla/5.0 (Windows NT 5.1) AppleWebKit/537.36 (KHTML, like Gecko) Chrome/33.0.1750.117 Safari/537.36,Chrome
Mozilla/5.0 (Linux; Android 4.3; nl-nl; SAMSUNG GT-I9505/I9505XXUEMKF Build/JSS15J) AppleWebKit/537.36 (KHTML, like Gecko) Version/1.5 Chrome/28.0.1500.94 Mobile Safari/537.36,Android_Browser
Mozilla/5.0 (Macintosh; Intel Mac OS X 10_9_1) AppleWebKit/537.73.11 (KHTML, like Gecko) Version/7.0.1 Safari/537.73.11,Safari
Mozilla/5.0 (Windows NT 6.2; WOW64; rv:26.0) Gecko/20100101 Firefox/26.0,Firefox
Mozilla/5.0 (compatible; MSIE 10.0; Windows NT 6.1; WOW64; Trident/6.0;WUID=6F79A8AA8EE24F869DC7A05905FD6213;WTB=2937),Internet_Explorer
Mozilla/5.0 (iPhone; CPU iPhone OS 7_0_6 like Mac OS X) AppleWebKit/537.51.1 (KHTML, like Gecko) Version/7.0 Mobile/11B651 Safari/9537.53,Safari
Mozilla/5.0 (Windows NT 6.1; WOW64) AppleWebKit/537.36 (KHTML, like Gecko) Chrome/33.0.1712.4 Safari/537.36,Chrome
Dalvik/1.6.0 (Linux; U; Android 4.1.2; GT-I8190 Build/JZO54K),Android_Browser
Mozilla/5.0 (Windows NT 5.1; rv:26.0) Gecko/20100101 Firefox/26.0,Firefox
Mozilla/5.0 (Windows NT 6.3; WOW64) AppleWebKit/537.36 (KHTML, like Gecko) Chrome/31.0.1650.57 Safari/537.36,Chrome
Mozilla/5.0 (iPad; CPU OS 7_0_4 like Mac OS X) AppleWebKit/537.51.1 (KHTML, like Gecko) Version/7.0 Mobile/11B554a Safari/9537.53,Safari
Mozilla/5.0 (Windows NT 6.1; WOW64) AppleWebKit/537.36 (KHTML, like Gecko) Chrome/33.0.1750.91 Safari/537.36,Chrome
Mozilla/5.0 (Windows NT 5.1; rv:27.0) Gecko/20100101 Firefox/27.0,Firefox
Mozilla/5.0 (compatible; MSIE 9.0; Windows NT 6.1; WOW64; Trident/5.0),Internet_Explorer
Mozilla/5.0 (Windows NT 6.1; WOW64; rv:27.0) Gecko/20100101 Firefox/27.0,Firefox
Mozilla/5.0 (iPad; CPU OS 7_0_6 like Mac OS X) AppleWebKit/537.51.1 (KHTML, like Gecko) Mobile/11B651 [FBAN/FBIOS;FBAV/6.9.1;FBBV/1102303;FBDV/iPad3,1;FBMD/iPad;FBSN/iPhone OS;FBSV/7.0.6;FBSS/2; FBCR/;FBID/tablet;FBLC/es_ES;FBOP/1],Facebook_App
Mozilla/5.0 (Windows NT 6.1; WOW64) AppleWebKit/537.36 (KHTML, like Gecko) Chrome/32.0.1700.107 Safari/537.36 OPR/19.0.1326.63,Opera
Mozilla/5.0 (Windows; U; Windows NT 6.1; en-US) AppleWebKit/532.0 (KHTML, like Gecko) Chrome/3.0.195.33 Safari/532.0,Chrome
Mozilla/5.0 (Windows NT 5.2; rv:27.0) Gecko/20100101 Firefox/27.0,Firefox
Mozilla/5.0 (Windows NT 5.1; rv:20.0) Gecko/20100101 Firefox/20.0,Firefox
Mozilla/5.0 (compatible; MSIE 10.0; Windows NT 6.1; Trident/6.0),Internet_Explorer
Mozilla/5.0 (Windows NT 6.1) AppleWebKit/537.36 (KHTML, like Gecko) Chrome/32.0.1700.72 Safari/537.36,Chrome
Mozilla/5.0 (iPad; CPU OS 7_0_6 like Mac OS X) AppleWebKit/537.51.1 (KHTML, like Gecko) CriOS/33.0.1750.14 Mobile/11B651 Safari/9537.53,Chrome
Mozilla/5.0 (Windows NT 6.3; WOW64; Trident/7.0; MAARJS; rv:11.0) like Gecko,Internet_Explorer
Mozilla/5.0 (Windows NT 6.3; WOW64; rv:27.0) Gecko/20100101 Firefox/27.0,Firefox
Mozilla/5.0 (Windows NT 6.2; WOW64; rv:27.0) Gecko/20100101 Firefox/27.0,Firefox
Mozilla/5.0 (Linux; U; Android 4.1.2; es-es; SM-T210R Build/JZO54K) AppleWebKit/534.30 (KHTML, like Gecko) Version/4.0 Safari/534.30,Android_Browser
Mozilla/5.0 (iPad; CPU OS 7_0_6 like Mac OS X) AppleWebKit/537.51.1 (KHTML, like Gecko) Version/7.0 Mobile/11B651 Safari/9537.53,Safari
Mozilla/5.0 (Windows NT 6.1; WOW64; rv:26.0) Gecko/20100101 Firefox/26.0,Firefox
Mozilla/5.0 (X11; Linux i686) AppleWebKit/534.24 (KHTML, like Gecko) Chrome/11.0.696.77 Large Screen Safari/534.24 GoogleTV/092754,Chrome
Mozilla/5.0 (iPad; CPU OS 7_0_6 like Mac OS X) AppleWebKit/536.26 (KHTML, like Gecko) GSA/3.2.1.25875 Mobile/11B651 Safari/8536.25,Google_App
Mozilla/5.0 (Linux; U; Android 2.3.6; es-es; GT-S5839i-ORANGE/S5839iBVLH1 Build/GINGERBREAD) AppleWebKit/533.1 (KHTML, like Gecko) Version/4.0 Mobile Safari/533.1,Android_Browser
Mozilla/4.0 (compatible; MSIE 7.0; Windows NT 5.1; GTB7.5; .NET CLR 2.0.50727; InfoPath.2; .NET CLR 3.0.4506.2152; .NET CLR 3.5.30729; AskTbSTT/5.15.25.44892; .NET4.0C; .NET4.0E),Internet_Explorer
Mozilla/4.0 (compatible; MSIE 8.0; Windows NT 5.1; Trident/4.0; InfoPath.2),Internet_Explorer
Mozilla/5.0 (Macintosh; Intel Mac OS X 10.9; rv:27.0) Gecko/20100101 Firefox/27.0,Firefox
Mozilla/4.0 (compatible; MSIE 8.0; Windows NT 5.1; Trident/4.0; GTB7.5; .NET CLR 2.0.50727; .NET CLR 3.0.4506.2152; .NET CLR 3.5.30729; OfficeLiveConnector.1.3; OfficeLivePatch.0.0; .NET4.0C; .NET4.0E),Internet_Explorer
Opera/9.80 (Windows NT 6.1; WOW64) Presto/2.12.388 Version/12.14,Opera
Mozilla/4.0 (compatible; MSIE 7.0; Windows NT 6.1; WOW64; Trident/7.0; SLCC2; .NET CLR 2.0.50727; .NET CLR 3.5.30729; .NET CLR 3.0.30729; Media Center PC 6.0; .NET4.0C; .NET4.0E; InfoPath.3),Internet_Explorer
Mozilla/5.0 (Macintosh; Intel Mac OS X 10_6_8) AppleWebKit/537.36 (KHTML, like Gecko) Chrome/30.0.1599.101 Safari/537.36,Chrome
Mozilla/5.0 (Windows NT 6.1; WOW64; Trident/7.0; BOIE9;ENUSMSE; rv:11.0) like Gecko,Internet_Explorer
Mozilla/5.0 (Windows NT 6.0; WOW64) AppleWebKit/537.36 (KHTML, like Gecko) Chrome/33.0.1750.117 Safari/537.36,Chrome
Mozilla/5.0 (iPad; CPU OS 7_0_4 like Mac OS X) AppleWebKit/536.26 (KHTML, like Gecko) GSA/3.2.0.25255 Mobile/11B554a Safari/8536.25,Google_App
Mozilla/5.0 (Windows NT 6.3; rv:27.0) Gecko/20100101 Firefox/27.0,Firefox
Mozilla/5.0 (Windows NT 6.0; rv:27.0) Gecko/20100101 Firefox/27.0,Firefox
Mozilla/5.0 (Windows; U; Windows NT 6.1; en-US) AppleWebKit/534.16 (KHTML, like Gecko) Chrome/10.0.634.0 Safari/534.16,Chrome
Mozilla/5.0 (Linux; Android 4.2.2; en-us; SAMSUNG-SGH-I527 Build/JDQ39) AppleWebKit/535.19 (KHTML, like Gecko) Version/1.0 Chrome/18.0.1025.308 Mobile Safari/535.19,Android_Browser
Mozilla/4.0 (compatible; MSIE 8.0; Windows NT 5.1; Trident/4.0; .NET CLR 2.0.50727; .NET CLR 3.0.04506.648; .NET CLR 3.5.21022; .NET CLR 3.0.4506.2152; .NET CLR 3.5.30729),Internet_Explorer
Mozilla/5.0 (X11; Linux x86_64; rv:23.0) Gecko/20100101 Firefox/23.0,Firefox
Mozilla/5.0 (Macintosh; Intel Mac OS X 10.8; rv:27.0) Gecko/20100101 Firefox/27.0,Firefox
Mozilla/5.0 (Macintosh; Intel Mac OS X 10_9_2) AppleWebKit/537.74.9 (KHTML, like Gecko) Version/7.0.2 Safari/537.74.9,Safari
Opera/9.80 (Windows NT 5.1) Presto/2.12.388 Version/12.16,Opera
Mozilla/5.0 (iPad; CPU OS 6_1 like Mac OS X) AppleWebKit/536.26 (KHTML, like Gecko) Version/6.0 Mobile/10B141 Safari/8536.25,Safari
Mozilla/5.0 (iPad; U; CPU OS 4_3_3 like Mac OS X; es-es) AppleWebKit/533.17.9 (KHTML, like Gecko) Version/5.0.2 Mobile/8J2 Safari/6533.18.5,Safari
Mozilla/5.0 (iPad; CPU OS 6_1_3 like Mac OS X) AppleWebKit/536.26 (KHTML, like Gecko) Version/6.0 Mobile/10B329 Safari/8536.25,Safari
Mozilla/5.0 (Linux; Android 4.3; C6602 Build/10.4.B.0.569) AppleWebKit/537.36 (KHTML, like Gecko) Chrome/30.0.1599.92 Mobile Safari/537.36,Chrome
Mozilla/5.0 (X11; Ubuntu; Linux i686; rv:27.0) Gecko/20100101 Firefox/27.0,Firefox
Mozilla/5.0 (Windows NT 5.1) AppleWebKit/537.36 (KHTML, like Gecko) Chrome/32.0.1700.107 Safari/537.36 OPR/19.0.1326.63,Opera
Mozilla/5.0 (Windows NT 6.1; WOW64; Trident/7.0; MAAU; rv:11.0) like Gecko,Internet_Explorer
Mozilla/4.0 (compatible; MSIE 7.0; Windows NT 6.1; WOW64; Trident/7.0; SLCC2; .NET CLR 2.0.50727; .NET CLR 3.5.30729; .NET CLR 3.0.30729; Media Center PC 6.0; AskTbORJ/5.15.9.29495; .NET4.0C),Internet_Explorer
Mozilla/5.0 (Linux; Android 4.1.2; GT-S5283B Build/JZO54K) AppleWebKit/537.36 (KHTML, like Gecko) Chrome/33.0.1750.135 Mobile Safari/537.36,Chrome
Mozilla/5.0 (Windows NT 6.3; Win64; x64; Trident/7.0; Touch; rv:11.0) like Gecko,Internet_Explorer
Mozilla/5.0 (Windows NT 6.1) AppleWebKit/537.36 (KHTML, like Gecko) Chrome/32.0.1700.107 Safari/537.36 OPR/19.0.1326.63,Opera
Mozilla/5.0 (iPad; U; CPU OS 3_2 like Mac OS X; en-us) AppleWebKit/531.21.10 (KHTML, like Gecko) Version/4.0.4 Mobile/7B367 Safari/531.21.10,Safari
Mozilla/5.0 (Linux; U; Android 4.1.2; en-us; GT-N8013 Build/JZO54K) AppleWebKit/534.30 (KHTML, like Gecko) Version/4.0 Safari/534.30,Android_Browser
Mozilla/5.0 (Linux; Android 4.1.2; GT-I8190L Build/JZO54K) AppleWebKit/537.36 (KHTML, like Gecko) Chrome/33.0.1750.132 Mobile Safari/537.36,Chrome
Mozilla/5.0 (compatible; MSIE 9.0; Windows NT 6.0; Trident/5.0),Internet_Explorer
Mozilla/5.0 (Windows NT 6.3; ARM; Trident/7.0; Touch; rv:11.0) like Gecko,Internet_Explorer
Mozilla/5.0 (iPad; U; CPU OS 4_0 like Mac OS X; en-us) AppleWebKit/531.21.10 (KHTML, like Gecko) Version/4.0.4 Mobile/7B367 Safari/531.21.10,Safari
Mozilla/4.0 (compatible; MSIE 7.0; Windows NT 6.1; Trident/6.0; InfoPath.3; .NET4.0C; .NET4.0E),Internet_Explorer
Mozilla/5.0 (Windows NT 6.1; WOW64) AppleWebKit/537.36 (KHTML, like Gecko) Chrome/32.0.1700.107 Safari/537.36,Chrome
Mozilla/5.0 (Windows; U; Windows NT 6.1; en-US) AppleWebKit/534.13 (KHTML, like Gecko) Chrome/9.0.597.94 Safari/534.13,Chrome
Mozilla/4.0 (compatible; MSIE 8.0; Windows NT 5.1; Trident/4.0; .NET CLR 1.1.4322; .NET CLR 2.0.50727; .NET CLR 3.0.04506.648; .NET CLR 3.5.21022),Internet_Explorer
Mozilla/5.0 (Macintosh; Intel Mac OS X 10_8_5) AppleWebKit/537.73.11 (KHTML, like Gecko) Version/6.1.1 Safari/537.73.11,Safari
Mozilla/5.0 (Linux; Android 4.2.2; A1-810 Build/JDQ39) AppleWebKit/537.36 (KHTML, like Gecko) Chrome/33.0.1750.132 Safari/537.36,Chrome
Mozilla/5.0 (iPad; CPU OS 5_1_1 like Mac OS X) AppleWebKit/534.46 (KHTML, like Gecko) Mobile/9B206,Safari
Mozilla/5.0 (Android; Tablet; rv:27.0) Gecko/27.0 Firefox/27.0,Firefox
Mozilla/5.0 (Macintosh; Intel Mac OS X 10_7_5) AppleWebKit/534.57.7 (KHTML, like Gecko) Version/5.1.7 Safari/534.57.7,Safari
Mozilla/5.0 (Linux; U; Android 4.0.4; ja-jp; P-06D Build/IMM76D) AppleWebKit/534.30 (KHTML, like Gecko) Version/4.0 Mobile Safari/534.30,Android_Browser
Mozilla/5.0 (Windows NT 6.1; Trident/7.0; rv:11.0) like Gecko,Internet_Explorer
Mozilla/5.0 (Windows NT 6.1; WOW64) AppleWebKit/537.36 (KHTML, like Gecko) Chrome/35.0.1862.2 Safari/537.36,Chrome
Mozilla/5.0 (iPhone; CPU iPhone OS 7_0_4 like Mac OS X) AppleWebKit/537.51.1 (KHTML, like Gecko) Version/7.0 Mobile/11B554a Safari/9537.53,Safari
Mozilla/5.0 (Linux; U; Android 2.3.6; es-es; GT-S5830i Build/GINGERBREAD) AppleWebKit/533.1 (KHTML, like Gecko) Version/4.0 Mobile Safari/533.1,Android_Browser
Mozilla/5.0 (Linux; U; Android 4.2.2; it-it; HUAWEI P6-U06 Build/HuaweiP6-U06) AppleWebKit/534.30 (KHTML, like Gecko) Version/4.0 Mobile Safari/534.30,Android_Browser
Mozilla/5.0 (Linux; Android 4.1.2; GT-I8190N Build/JZO54K) AppleWebKit/535.19 (KHTML, like Gecko) Chrome/18.0.1025.166 Mobile Safari/535.19,Chrome
Mozilla/5.0 (Linux; U; Android 4.1.2; en-us; SHV-E270L Build/JZO54K) AppleWebKit/534.30 (KHTML, like Gecko) Version/4.0 Mobile Safari/534.30,Android_Browser
Mozilla/5.0 (Windows NT 6.3; Win64; x64; Trident/7.0; rv:11.0) like Gecko,Internet_Explorer
Mozilla/5.0 (iPad; CPU OS 7_0_4 like Mac OS X) AppleWebKit/537.51.1 (KHTML, like Gecko) CriOS/33.0.1750.14 Mobile/11B554a Safari/9537.53,Chrome
Mozilla/5.0 (Linux; U; Android 4.1.2; it-it; GT-I9300 Build/JZO54K) AppleWebKit/534.30 (KHTML, like Gecko) Version/4.0 Mobile Safari/534.30,Android_Browser
Mozilla/5.0 (Windows NT 6.1) AppleWebKit/537.36 (KHTML, like Gecko) Chrome/35.0.1862.2 Safari/537.36,Chrome
Mozilla/5.0 (Windows NT 6.3; WOW64) AppleWebKit/537.36 (KHTML, like Gecko) Chrome/32.0.1700.107 Safari/537.36,Chrome
Mozilla/5.0 (Linux; Android 4.2.2; nl-be; SAMSUNG GT-I9505 Build/JDQ39) AppleWebKit/535.19 (KHTML, like Gecko) Version/1.0 Chrome/18.0.1025.308 Mobile Safari/535.19,Android_Browser
Mozilla/4.0 (compatible; MSIE 8.0; Windows NT 5.1; Trident/4.0),Internet_Explorer
Mozilla/4.0 (compatible; MSIE 8.0; Windows NT 5.1; Trident/4.0; GTB7.5),Internet_Explorer
Mozilla/4.0 (compatible; MSIE 7.0; Windows NT 6.0; SLCC1; .NET CLR 2.0.50727; .NET CLR 3.0.30618; .NET CLR 3.5.30729; .NET4.0C),Internet_Explorer
Mozilla/5.0 (Windows NT 6.1; rv:22.0) Gecko/20100101 Firefox/22.0,Firefox
Mozilla/5.0 (iPad; CPU OS 7_0 like Mac OS X) AppleWebKit/537.51.1 (KHTML, like Gecko) Mobile/11A465 [FBAN/FBIOS;FBAV/6.9.1;FBBV/1102303;FBDV/iPad3,4;FBMD/iPad;FBSN/iPhone OS;FBSV/7.0;FBSS/2; FBCR/;FBID/tablet;FBLC/en_US;FBOP/1],Facebook_App
Mozilla/5.0 (Linux; U; Android 4.3; en-us; SPH-L710 Build/JSS15J) AppleWebKit/534.30 (KHTML, like Gecko) Version/4.0 Mobile Safari/534.30,Android_Browser
Mozilla/5.0 (Windows NT 6.1; Trident/7.0; POS2; rv:11.0) like Gecko,Internet_Explorer
Mozilla/5.0 (Windows NT 6.1) AppleWebKit/537.36 (KHTML, like Gecko) Chrome/32.0.1700.102 Safari/537.36,Chrome
Mozilla/5.0 (Windows NT 6.1; WOW64; rv:25.0) Gecko/20100101 Firefox/25.0,Firefox
Mozilla/4.0 (compatible; MSIE 8.0; Windows NT 5.1; Trident/4.0; .NET CLR 1.0.3705; .NET CLR 1.1.4322; Media Center PC 4.0; InfoPath.2; .NET CLR 2.0.50727; .NET CLR 3.0.4506.2152; .NET CLR 3.5.30729; OfficeLiveConnector.1.5; OfficeLivePatch.1.3; McAfee; BRI/2),Internet_Explorer
Mozilla/5.0 (compatible; MSIE 10.0; Windows NT 6.1; WOW64; Trident/6.0),Internet_Explorer
Mozilla/5.0 (compatible; MSIE 10.0; AOL 9.7; AOLBuild 4343.19; Windows NT 6.1; WOW64; Trident/6.0),AOL_Explorer
Mozilla/5.0 (Linux; U; Android 2.3.5; en-au; GT-S5830 Build/GINGERBREAD) AppleWebKit/533.1 (KHTML, like Gecko) Version/4.0 Mobile Safari/533.1,Android_Browser
Mozilla/5.0 (Linux; U; en-us; KFAPWI Build/JDQ39) AppleWebKit/535.19 (KHTML, like Gecko) Silk/3.14 Safari/535.19 Silk-Accelerated=true,Silk
Mozilla/5.0 (iPhone; CPU iPhone OS 6_1_6 like Mac OS X) AppleWebKit/536.26 (KHTML, like Gecko) Version/6.0 Mobile/10B500 Safari/8536.25,Safari
Mozilla/5.0 (iPhone; CPU iPhone OS 6_1_4 like Mac OS X) AppleWebKit/536.26 (KHTML, like Gecko) Version/6.0 Mobile/10B350 Safari/8536.25,Safari
Mozilla/5.0 (Windows NT 6.1; rv:28.0) Gecko/20100101 Firefox/28.0,Firefox
Mozilla/5.0 (iPad; CPU OS 7_0_2 like Mac OS X) AppleWebKit/537.51.1 (KHTML, like Gecko) Version/7.0 Mobile/11A501 Safari/9537.53,Safari
Mozilla/5.0 (Windows NT 6.0; WOW64; rv:27.0) Gecko/20100101 Firefox/27.0,Firefox
Mozilla/5.0 (iPhone; CPU iPhone OS 6_1 like Mac OS X) AppleWebKit/536.26 (KHTML, like Gecko) Version/6.0 Mobile/10B142 Safari/8536.25,Safari
Mozilla/5.0 (X11; Linux x86_64) AppleWebKit/537.36 (KHTML, like Gecko; Google Web Preview) Chrome/27.0.1453 Safari/537.36,Google
Mozilla/5.0 (Unknown; Linux i686) AppleWebKit/534.34 (KHTML, like Gecko) Qt/4.7.4 Safari/534.34,Unknown
Mozilla/5.0 (Windows NT 6.3; WOW64; Trident/7.0; MATBJS; rv:11.0) like Gecko,Internet_Explorer
Mozilla/4.0 (compatible; MSIE 8.0; Windows NT 6.1; Trident/4.0; GTB7.5; SLCC2; .NET CLR 2.0.50727; .NET CLR 3.5.30729; .NET CLR 3.0.30729; Media Center PC 6.0; .NET4.0C; .NET4.0E),Internet_Explorer
Mozilla/5.0 (Linux; Android 4.3; es-us; SAMSUNG SGH-I337M Build/JSS15J) AppleWebKit/537.36 (KHTML, like Gecko) Version/1.5 Chrome/28.0.1500.94 Mobile Safari/537.36,Android_Browser
Mozilla/5.0 (Linux; Android 4.4.2; Nexus 4 Build/KOT49H) AppleWebKit/537.36 (KHTML, like Gecko) Chrome/33.0.1750.135 Mobile Safari/537.36,Chrome
Mozilla/4.0 (compatible; MSIE 8.0; Windows NT 5.1; Trident/4.0; .NET CLR 2.0.50727; .NET CLR 3.0.04506.30; .NET CLR 1.1.4322; .NET CLR 3.0.4506.2152; .NET CLR 3.5.30729; MS-RTC LM 8),Internet_Explorer
Mozilla/5.0 (Linux; U; Android 4.1.2; en-ca; SGH-I727R Build/JZO54K) AppleWebKit/534.30 (KHTML, like Gecko) Version/4.0 Mobile Safari/534.30,Android_Browser
Mozilla/5.0 (compatible; MSIE 9.0; Windows NT 6.0; WOW64; Trident/5.0),Internet_Explorer
Mozilla/5.0 (Windows NT 6.3; Win64; x64; Trident/7.0; Touch; MATBJS; rv:11.0) like Gecko,Internet_Explorer
  UCWEB/2.0 (Windows; U; wds 8.0; ru-RU; NOKIA; RM-941_eu_belarus_russia_215) U2/1.0.0 UCBrowser/3.3.1.371 U2/1.0.0 Mobile,
  Mozilla/5.0 (Macintosh; Intel Mac OS X 10_8_5) AppleWebKit/536.30.1 (KHTML, like Gecko) Version/6.0.5 Safari/536.30.1,
  Mozilla/5.0 (Linux; U; Android 4.2.2; en-au; GT-P5210 Build/JDQ39) AppleWebKit/534.30 (KHTML, like Gecko) Version/4.0 Safari/534.30,
  Mozilla/5.0 (Linux; U; Android 4.0.3; es-mx; LG-E612f Build/IML74K) AppleWebKit/534.30 (KHTML, like Gecko) Version/4.0 Mobile Safari/534.30,
  Mozilla/5.0 (Macintosh; Intel Mac OS X 10_7_5) AppleWebKit/537.36 (KHTML, like Gecko) Chrome/32.0.1700.107 Safari/537.36,
  Mozilla/5.0 (compatible; MSIE 10.0; Windows NT 6.2; Trident/6.0),
  Mozilla/5.0 (Linux; U; Android 2.3.6; it-it; GT-S7500 Build/GINGERBREAD) AppleWebKit/533.1 (KHTML, like Gecko) Version/4.0 Mobile Safari/533.1,
  Mozilla/5.0 (Macintosh; Intel Mac OS X 10_6_8) AppleWebKit/537.36 (KHTML, like Gecko) Chrome/32.0.1700.107 Safari/537.36,
  Mozilla/5.0 (Windows NT 6.1) AppleWebKit/537.36 (KHTML, like Gecko) Chrome/31.0.1650.63 Safari/537.36,
  Mozilla/5.0 (Macintosh; Intel Mac OS X 10.7; rv:21.0) Gecko/20100101 Firefox/21.0,
  Mozilla/4.0 (compatible; MSIE 8.0; Windows NT 6.1; Trident/4.0; SLCC2; .NET CLR 2.0.50727; .NET CLR 3.5.30729; .NET CLR 3.0.30729; Media Center PC 6.0; .NET4.0C; .NET4.0E; MS-RTC LM 8; InfoPath.3),
  Opera/9.80 (Windows NT 5.1; U; ru) Presto/2.10.229 Version/11.60,
  Mozilla/4.0 (compatible; MSIE 8.0; Windows NT 5.1; Trident/4.0; GTB7.5; .NET CLR 2.0.50727; .NET CLR 3.0.4506.2152; .NET CLR 3.5.30729; CMDTDF),
  Mozilla/5.0 (iPhone; CPU iPhone OS 7_0_6 like Mac OS X) AppleWebKit/537.51.1 (KHTML, like Gecko) Mobile/11B651 [FBAN/FBIOS;FBAV/6.7;FBBV/566055;FBDV/iPhone5,1;FBMD/iPhone;FBSN/iPhone OS;FBSV/7.0.6;FBSS/2; FBCR/AT&T;FBID/phone;FBLC/ru_RU;FBOP/5],
  Mozilla/5.0 (Macintosh; Intel Mac OS X 10_7_5) AppleWebKit/537.73.11 (KHTML, like Gecko) Version/6.1.1 Safari/537.73.11,
  Mozilla/5.0 (Linux; Android 4.1.2; C5215 Build/JZO54K) AppleWebKit/537.36 (KHTML, like Gecko) Chrome/33.0.1750.132 Mobile Safari/537.36,
  Mozilla/5.0 (Windows NT 5.1; rv:27.0) Gecko/20100101 Firefox/27.0 AlexaToolbar/alxf-2.19,
  Mozilla/5.0 (Macintosh; Intel Mac OS X 10.5; rv:15.0) Gecko/20100101 Firefox/15.0.1,
  Mozilla/5.0 (iPhone; CPU iPhone OS 7_0_4 like Mac OS X) AppleWebKit/537.51.1 (KHTML, like Gecko) Mobile/11B554a [FBAN/FBIOS;FBAV/6.9.1;FBBV/1102303;FBDV/iPhone4,1;FBMD/iPhone;FBSN/iPhone OS;FBSV/7.0.4;FBSS/2; FBCR/Verizon;FBID/phone;FBLC/en_US;FBOP/5],
  Mozilla/5.0 (compatible; MSIE 10.0; Windows NT 6.2; WOW64; Trident/6.0; MANMJS),
  Mozilla/5.0 (iPad; CPU OS 7_0_3 like Mac OS X) AppleWebKit/537.51.1 (KHTML, like Gecko) Version/7.0 Mobile/11B511 Safari/9537.53,
  Mozilla/5.0 (Macintosh; Intel Mac OS X 10.5; rv:12.0) Gecko/20100101 Firefox/12.0,
  Mozilla/5.0 (Windows NT 6.1; WOW64; rv:24.0) Gecko/20100101 Firefox/24.0,
  Mozilla/4.0 (compatible; MSIE 8.0; Windows NT 5.1; Trident/4.0; .NET CLR 2.0.50727; .NET CLR 3.0.4506.2152; .NET CLR 3.5.30729),
  Mozilla/5.0 (Linux; Android 4.3; C6903 Build/14.2.A.1.136) AppleWebKit/537.36 (KHTML, like Gecko) Chrome/33.0.1750.135 Mobile Safari/537.36,
  Mozilla/5.0 (iPhone; CPU iPhone OS 5_1 like Mac OS X) AppleWebKit/534.46 (KHTML, like Gecko) Version/5.1 Mobile/9B179 Safari/7534.48.3,
  Mozilla/4.0 (compatible; MSIE 8.0; Windows NT 6.1; WOW64; Trident/4.0; GTB7.0; SLCC2; .NET CLR 2.0.50727; .NET CLR 3.5.30729; .NET CLR 3.0.30729; Media Center PC 6.0; InfoPath.3),
  Mozilla/5.0 (Macintosh; Intel Mac OS X 10_9_2) AppleWebKit/537.36 (KHTML, like Gecko) Chrome/33.0.1750.117 Safari/537.36,
  Mozilla/5.0 (iPhone; CPU iPhone OS 6_0_2 like Mac OS X) AppleWebKit/536.26 (KHTML, like Gecko) Version/6.0 Mobile/10A551 Safari/8536.25,
  Mozilla/5.0 (X11; Linux x86_64) AppleWebKit/537.36 (KHTML, like Gecko) Chrome/29.0.1547.62 Safari/537.36,
  Mozilla/5.0 (iPod touch; CPU iPhone OS 7_0_3 like Mac OS X) AppleWebKit/537.51.1 (KHTML, like Gecko) Version/7.0 Mobile/11B511 Safari/9537.53,
  Mozilla/5.0 (Linux; Android 4.0.4; HUAWEI H881C Build/HuaweiH881C) AppleWebKit/535.19 (KHTML, like Gecko) Chrome/18.0.1025.166 Mobile Safari/535.19,
  Mozilla/5.0 (compatible; MSIE 10.0; Windows NT 6.2; Win64; x64; Trident/6.0; MASEJS),
  Mozilla/5.0 (iPhone; CPU iPhone OS 7_0_6 like Mac OS X) AppleWebKit/537.51.1 (KHTML, like Gecko) Mobile/11B651 [FBAN/FBIOS;FBAV/6.9.1;FBBV/1102303;FBDV/iPhone5,2;FBMD/iPhone;FBSN/iPhone OS;FBSV/7.0.6;FBSS/2; FBCR/TELIA;FBID/phone;FBLC/sv_SE;FBOP/5],
  Opera/9.80 (Windows NT 5.1; MRA 6.2 (build 7314)) Presto/2.12.388 Version/12.16,
  Mozilla/4.0 (compatible; MSIE 8.0; Windows NT 6.1; WOW64; Trident/4.0; GTB7.5; SLCC2; .NET CLR 2.0.50727; .NET CLR 3.5.30729; .NET CLR 3.0.30729; Media Center PC 6.0; .NET4.0C; .NET4.0E; InfoPath.3; Zune 4.7),
  Mozilla/5.0 (compatible; MSIE 10.0; Windows NT 6.2; Win64; x64; Trident/6.0; MALNJS),
  Mozilla/5.0 (Windows NT 6.1) AppleWebKit/537.36 (KHTML, like Gecko) Chrome/31.0.1650.57 Safari/537.36 OPR/18.0.1284.49,
  Opera/9.80 (Windows NT 6.1; WOW64) Presto/2.12.388 Version/12.16,
  Mozilla/5.0 (Windows NT 6.2) AppleWebKit/537.36 (KHTML, like Gecko) Chrome/33.0.1750.117 Safari/537.36,
  Mozilla/5.0 (Windows NT 6.3; WOW64; Trident/7.0; rv:11.0) like Gecko,
  Mozilla/5.0 (Macintosh; Intel Mac OS X 10_8_5) AppleWebKit/537.36 (KHTML, like Gecko) Chrome/33.0.1750.117 Safari/537.36,
  Mozilla/5.0 (Linux; U; Android 4.3; en-us; SCH-I535 Build/JSS15J) AppleWebKit/534.30 (KHTML, like Gecko) Version/4.0 Mobile Safari/534.30,
  Mozilla/5.0 (Linux; U; Android 4.1.1; en-us; Build/JRO03C) AppleWebKit/534.30 (KHTML, like Gecko) Version/4.0 Safari/534.30,
  Mozilla/5.0 (Windows NT 6.1) AppleWebKit/535.1 (KHTML, like Gecko) Chrome/13.0.782.218 Safari/535.1,
  Mozilla/5.0 (Macintosh; Intel Mac OS X 10.6; rv:27.0) Gecko/20100101 Firefox/27.0,
  Mozilla/5.0 (Windows NT 5.1) AppleWebKit/537.36 (KHTML, like Gecko) Chrome/32.0.1700.107 Safari/537.36,
  Mozilla/5.0 (Linux; U; Android 4.1.2; ja-jp; SonySO-04D Build/9.1.C.1.103) AppleWebKit/534.30 (KHTML, like Gecko) Version/4.0 Mobile Safari/534.30,
  Mozilla/5.0 (Windows NT 5.1) AppleWebKit/537.36 (KHTML, like Gecko) Chrome/32.0.1700.102 Safari/537.36,
  Mozilla/5.0 (Macintosh; Intel Mac OS X 10_8_2) AppleWebKit/536.26.17 (KHTML, like Gecko) Version/6.0.2 Safari/536.26.17,
  Mozilla/5.0 (iPhone; CPU iPhone OS 6_1_3 like Mac OS X) AppleWebKit/536.26 (KHTML, like Gecko) Version/6.0 Mobile/10B329 Safari/8536.25,
  Mozilla/4.0 (compatible; MSIE 8.0; Windows NT 6.1; WOW64; Trident/4.0; GTB7.5; SLCC2; .NET CLR 2.0.50727; .NET CLR 3.5.30729; .NET CLR 3.0.30729; Media Center PC 6.0; eSobiSubscriber 2.0.4.16; .NET4.0C; InfoPath.2),
  Mozilla/5.0 (Windows NT 6.1; WOW64) AppleWebKit/537.36 (KHTML, like Gecko) Chrome/28.0.1500.72 Safari/537.36,
  Mozilla/5.0 (Windows NT 5.1) AppleWebKit/537.36 (KHTML, like Gecko) Chrome/31.0.1650.63 Safari/537.36,
  Mozilla/4.0 (compatible; MSIE 8.0; Windows NT 5.1; Trident/4.0; .NET CLR 1.1.4322; .NET CLR 2.0.50727; .NET CLR 3.0.4506.2152; .NET CLR 3.5.30729; .NET4.0C; .NET4.0E; OfficeLiveConnector.1.5; OfficeLivePatch.1.3),
  Mozilla/5.0 (Windows NT 6.3; WOW64; rv:30.0) Gecko/20100101 Firefox/30.0,
  Mozilla/5.0 (Windows NT 6.1; WOW64) AppleWebKit/537.36 (KHTML, like Gecko) Chrome/34.0.1843.3 Safari/537.36,
  Mozilla/5.0 (X11; Ubuntu; Linux x86_64; rv:27.0) Gecko/20100101 Firefox/27.0,
  Mozilla/5.0 (Windows NT 6.3; WOW64; Trident/7.0; Touch; LCJB; rv:11.0) like Gecko,
  Mozilla/5.0 (iPhone; CPU iPhone OS 7_0_2 like Mac OS X) AppleWebKit/537.51.1 (KHTML, like Gecko) Version/7.0 Mobile/11A501 Safari/9537.53,
  Mozilla/4.0 (compatible; MSIE 8.0; Windows NT 5.1; Trident/4.0; GTB7.5; .NET CLR 3.0.4506.2152; .NET CLR 3.5.30729; .NET CLR 2.0.50727),
  Mozilla/5.0 (Windows NT 5.1; rv:11.0) Gecko/20100101 Firefox/11.0,
  Mozilla/5.0 (iPhone; CPU iPhone OS 6_1_2 like Mac OS X) AppleWebKit/536.26 (KHTML, like Gecko) Version/6.0 Mobile/10B146 Safari/8536.25,
  Mozilla/5.0 (Windows NT 6.1; WOW64; Trident/7.0; FunWebProducts; rv:11.0) like Gecko,
  Mozilla/5.0 (Linux; U; Android 3.2; it-it; GT-P7500 Build/HTJ85B) AppleWebKit/534.13 (KHTML, like Gecko) Version/4.0 Safari/534.13,
  Mozilla/5.0 (compatible; MSIE 10.0; Windows NT 6.2; WOW64; Trident/6.0; LCJB),
  Mozilla/5.0 (Linux; U; en-us; KFTHWI Build/JDQ39) AppleWebKit/535.19 (KHTML, like Gecko) Silk/3.14 Safari/535.19 Silk-Accelerated=true,
  Mozilla/5.0 (compatible; MSIE 10.0; Windows NT 6.3; WOW64; Trident/7.0; Touch),
  Mozilla/5.0 (Linux; U; Android 4.0.4; en-us; SPH-D710 Build/IMM76I) AppleWebKit/534.30 (KHTML, like Gecko) Version/4.0 Mobile Safari/534.30,
  Mozilla/5.0 (Linux; U; Android 4.1.2; fr-ca; cm_tenderloin Build/JZO54K; CyanogenMod-10) AppleWebKit/534.30 (KHTML, like Gecko) Version/4.0 Safari/534.30,
  Mozilla/5.0 (Linux; U; Android 4.1.2; es-es; SAMSUNG GT-I9100/I9100XWLSD Build/JZO54K) AppleWebKit/534.30 (KHTML, like Gecko) Version/4.0 Mobile Safari/534.30,
  Mozilla/5.0 (Linux; Android 4.2.2; MS3A Build/AndroidMegafon) AppleWebKit/537.36 (KHTML, like Gecko) Chrome/33.0.1750.135 Mobile Safari/537.36,
  Mozilla/4.0 (compatible; MSIE 8.0; Windows NT 6.1; Trident/4.0; SLCC2; .NET CLR 2.0.50727; .NET CLR 3.5.30729; .NET CLR 3.0.30729; Media Center PC 6.0),
  Mozilla/5.0 (X11; Ubuntu; Linux i686; rv:18.0) Gecko/20100101 Firefox/18.0,
  Mozilla/4.0 (compatible; MSIE 8.0; Windows NT 6.1; Trident/4.0; SLCC2; .NET CLR 2.0.50727; .NET CLR 3.5.30729; .NET CLR 3.0.30729; InfoPath.3),
  Mozilla/5.0 (Linux; Android 4.3; ja-jp; SC-04E Build/JSS15J) AppleWebKit/537.36 (KHTML, like Gecko) Version/1.5 Chrome/28.0.1500.94 Mobile Safari/537.36,
  Mozilla/5.0 (Linux; Android 4.4.2; SPH-L720 Build/KOT49H) AppleWebKit/537.36 (KHTML, like Gecko) Chrome/32.0.1700.99 Mobile Safari/537.36,
  Mozilla/5.0 (X11; CrOS armv7l 4920.83.0) AppleWebKit/537.36 (KHTML, like Gecko) Chrome/32.0.1700.103 Safari/537.36,
  Mozilla/5.0 (compatible; MSIE 10.0; Windows NT 6.2; Trident/6.0; ARM; Touch; WPDesktop),
  Mozilla/5.0 (iPhone; CPU iPhone OS 7_0_3 like Mac OS X) AppleWebKit/537.51.1 (KHTML, like Gecko) Version/7.0 Mobile/11B511 Safari/9537.53,
  Mozilla/5.0 (Unknown; Linux i686) AppleWebKit/534.34 (KHTML, like Gecko) FbxQmlTV Safari/534.34,
  Mozilla/5.0 (Windows NT 6.2; WOW64) AppleWebKit/537.36 (KHTML, like Gecko) Chrome/32.0.1700.107 Safari/537.36 OPR/19.0.1326.63,
  Mozilla/5.0 (Linux; U; Android 4.0.4; es-us; MOT-XT910 Build/6.7.2-180_SLC-35) AppleWebKit/534.30 (KHTML, like Gecko) Version/4.0 Mobile Safari/534.30,
  Mozilla/5.0 (Windows NT 6.1; WOW64; Trident/7.0; MATP; rv:11.0) like Gecko,
  Mozilla/5.0 (compatible; MSIE 10.0; Windows NT 6.2; Win64; x64; Trident/6.0; Touch),
  Mozilla/5.0 (Macintosh; Intel Mac OS X 10.9; rv:22.0) Gecko/20100101 Firefox/22.0,
  Mozilla/4.0 (compatible; MSIE 7.0; Windows NT 6.1; WOW64; Trident/7.0; SLCC2; .NET CLR 2.0.50727; .NET CLR 3.5.30729; .NET CLR 3.0.30729; Media Center PC 6.0; .NET4.0C; .NET4.0E),
  Mozilla/4.0 (compatible; MSIE 8.0; Windows NT 5.1; Trident/4.0; .NET CLR 1.1.4322; .NET CLR 2.0.50727; .NET CLR 3.0.4506.2152; .NET CLR 3.5.30729; .NET4.0C; .NET4.0E),
  Mozilla/5.0 (Linux; Android 4.3; es-us; SAMSUNG GT-I9500 Build/JSS15J) AppleWebKit/537.36 (KHTML, like Gecko) Version/1.5 Chrome/28.0.1500.94 Mobile Safari/537.36,
  Mozilla/5.0 (Linux; Android 4.2.2; SGH-M919 Build/JDQ39) AppleWebKit/537.36 (KHTML, like Gecko) Chrome/33.0.1750.135 Mobile Safari/537.36,
  Mozilla/5.0 (Linux; U; Android 4.1.1; es-us; GT-P3113 Build/JRO03C) AppleWebKit/534.30 (KHTML, like Gecko) Version/4.0 Safari/534.30,
  Mozilla/5.0 (iPhone; CPU iPhone OS 7_0_3 like Mac OS X) AppleWebKit/537.51.1 (KHTML, like Gecko) Mobile/11B511 [FBAN/FBIOS;FBAV/7.0.0.17.1;FBBV/1325030;FBDV/iPhone3,3;FBMD/iPhone;FBSN/iPhone OS;FBSV/7.0.3;FBSS/2; FBCR/Verizon;FBID/phone;FBLC/en_US;FBOP/5],
  Mozilla/4.0 (compatible; MSIE 8.0; Windows NT 5.1; Trident/4.0; layout/4.05703; InfoPath.2),
  Mozilla/5.0 (Linux; Android 4.4.2; Nexus 10 Build/KOT49H) AppleWebKit/537.36 (KHTML, like Gecko) Chrome/33.0.1750.135 Safari/537.36,
  Mozilla/5.0 (Windows NT 5.1) AppleWebKit/537.31 (KHTML, like Gecko) Chrome/26.0.1410.64 Safari/537.31,
  Mozilla/5.0 (Linux; U; Android 4.2.2; es-es; Tablet PC 2008 DC Build/JDQ39) AppleWebKit/534.30 (KHTML, like Gecko) Version/4.0 Safari/534.30,
  Mozilla/5.0 (BlackBerry; U; BlackBerry 9300; es) AppleWebKit/534.8+ (KHTML, like Gecko) Version/6.0.0.344 Mobile Safari/534.8+,
  Mozilla/5.0 (Windows NT 6.1; WOW64) AppleWebKit/537.22 (KHTML, like Gecko) Iron/25.0.1400.0 Chrome/25.0.1400.0 Safari/537.22,
  Mozilla/4.0 (compatible; MSIE 7.0; Windows NT 6.1; Trident/5.0; SLCC2; .NET CLR 2.0.50727; .NET CLR 3.5.30729; .NET CLR 3.0.30729; Media Center PC 6.0; .NET4.0C),
  Mozilla/5.0 (Windows NT 6.1) AppleWebKit/537.36 (KHTML, like Gecko) Beamrise/27.3.0.5964 Chrome/27.0.1453.116 Safari/537.36,
  Mozilla/5.0 (Macintosh; Intel Mac OS X 10_8_5) AppleWebKit/537.36 (KHTML, like Gecko) Chrome/32.0.1700.107 Safari/537.36,
  Mozilla/5.0 (Windows NT 6.1; WOW64) AppleWebKit/537.36 (KHTML, like Gecko) Chrome/28.0.1500.74 Safari/537.36 MRCHROME,
  Mozilla/5.0 (BlackBerry; U; BlackBerry 9220; id) AppleWebKit/534.11+ (KHTML, like Gecko) Version/7.1.0.714 Mobile Safari/534.11+,
  Mozilla/5.0 (Linux; Android 4.0.4; GT-S7560 Build/IMM76I) AppleWebKit/537.36 (KHTML, like Gecko) Chrome/33.0.1750.136 Mobile Safari/537.36,
  Mozilla/5.0 (Macintosh; Intel Mac OS X 10_9) AppleWebKit/537.71 (KHTML, like Gecko) Version/7.0 Safari/537.71,
  Mozilla/5.0 (Macintosh; Intel Mac OS X 10_9_1) AppleWebKit/537.36 (KHTML, like Gecko) Chrome/32.0.1700.107 Safari/537.36,
  Mozilla/5.0 (compatible; MSIE 9.0; Windows NT 6.1; Trident/5.0; MAAU; MAAU),
  Mozilla/5.0 (Macintosh; Intel Mac OS X 10_8_5) AppleWebKit/537.74.9 (KHTML, like Gecko) Version/6.1.2 Safari/537.74.9,
  Mozilla/5.0 (Windows NT 6.3) AppleWebKit/537.36 (KHTML, like Gecko) Chrome/33.0.1750.117 Safari/537.36,
  Mozilla/5.0 (Macintosh; Intel Mac OS X 10_5_8) AppleWebKit/534.50.2 (KHTML, like Gecko) Version/5.0.6 Safari/533.22.3,
  Mozilla/5.0 (Linux; U; Android 2.3.6; es-us; GT-S7500L Build/GINGERBREAD) AppleWebKit/533.1 (KHTML, like Gecko) Version/4.0 Mobile Safari/533.1,
  Mozilla/5.0 (Linux; Android 4.1.2; LG-P875h Build/JZO54K) AppleWebKit/537.36 (KHTML, like Gecko) Chrome/33.0.1750.135 Mobile Safari/537.36,
  Mozilla/5.0 (X11; Linux x86_64) AppleWebKit/537.36 (KHTML, like Gecko) Ubuntu Chromium/32.0.1700.107 Chrome/32.0.1700.107 Safari/537.36,
  Mozilla/5.0 (Linux; U; Android 4.2.2; en-gb; GT-P5200 Build/JDQ39) AppleWebKit/534.30 (KHTML, like Gecko) Version/4.0 Safari/534.30,
  Mozilla/5.0 (Windows NT 6.3; WOW64; Trident/7.0; MDDCJS; rv:11.0) like Gecko,
  Mozilla/5.0 (Windows NT 6.0) AppleWebKit/537.36 (KHTML, like Gecko) Chrome/31.0.1650.57 Safari/537.36,
  Opera/9.80 (Windows NT 5.1) Presto/2.12.388 Version/12.14,
  Mozilla/5.0 (Windows NT 6.1) AppleWebKit/537.36 (KHTML, like Gecko) Chrome/32.0.1700.76 Safari/537.36,
  Mozilla/5.0 (Windows NT 6.1; rv:25.0) Gecko/20100101 Firefox/25.0,
  Dalvik/1.6.0 (Linux; U; Android 4.3; SGH-I337M Build/JSS15J),
  Mozilla/5.0 (Macintosh; Intel Mac OS X 10_7_5) AppleWebKit/537.36 (KHTML, like Gecko) Chrome/30.0.1599.101 Safari/537.36,
  Mozilla/5.0 (Macintosh; Intel Mac OS X 10_7_5) AppleWebKit/537.74.9 (KHTML, like Gecko) Version/6.1.2 Safari/537.74.9,
  Mozilla/5.0 (iPhone; CPU iPhone OS 7_0_6 like Mac OS X) AppleWebKit/537.51.1 (KHTML, like Gecko) CriOS/33.0.1750.14 Mobile/11B651 Safari/9537.53,
  Mozilla/5.0 (X11; CrOS x86_64 5116.88.0) AppleWebKit/537.36 (KHTML, like Gecko) Chrome/33.0.1750.124 Safari/537.36,
  Opera/9.80 (Windows NT 6.0) Presto/2.12.388 Version/12.16,
  Mozilla/5.0 (Linux; Android 4.3; SGH-I337M Build/JSS15J) AppleWebKit/537.36 (KHTML, like Gecko) Chrome/33.0.1750.135 Mobile Safari/537.36,
  Mozilla/5.0 (Windows NT 6.3; Win64; x64; Trident/7.0; MATMJS; rv:11.0) like Gecko,
  Mozilla/5.0 (iPhone; CPU iPhone OS 7_0 like Mac OS X) AppleWebKit/537.51.1 (KHTML, like Gecko) Version/7.0 Mobile/11A465 Safari/9537.53,
  Mozilla/5.0 (Linux; U; Android 2.3.6; es-us; GT-S5360L Build/GINGERBREAD) AppleWebKit/533.1 (KHTML, like Gecko) Version/4.0 Mobile Safari/533.1,
  Mozilla/5.0 (Windows NT 6.1) AppleWebKit/537.36 (KHTML, like Gecko) Chrome/27.0.1453.116 Safari/537.36,
  Mozilla/5.0 (Linux; Android 4.0.3; ASUS Transformer Pad TF300T Build/IML74K) AppleWebKit/535.19 (KHTML, like Gecko) Chrome/18.0.1025.166  Safari/535.19,
  Mozilla/5.0 (Windows NT 6.1; WOW64) AppleWebKit/537.36 (KHTML, like Gecko) Chrome/31.0.1650.57 Safari/537.36,
  Mozilla/4.0 (compatible; MSIE 8.0; Windows NT 5.1; Trident/4.0; .NET CLR 2.0.50727; .NET CLR 3.0.04506.30; .NET CLR 1.1.4322; .NET CLR 3.0.4506.2152; .NET CLR 3.5.30729; InfoPath.3; .NET4.0C; .NET4.0E),
  Mozilla/5.0 (Linux; U; Android 4.1.2; en-gb; GT-I9100 Build/JZO54K) AppleWebKit/534.30 (KHTML, like Gecko) Version/4.0 Mobile Safari/534.30,
  Mozilla/5.0 (Macintosh; Intel Mac OS X 10_8_5) AppleWebKit/537.36 (KHTML, like Gecko) Chrome/32.0.1700.77 Safari/537.36,
  Mozilla/5.0 (Windows NT 6.1; WOW64; rv:27.0) Gecko/20100101 Firefox/27.0 AlexaToolbar/amznf-3.0.20121129,
  Mozilla/5.0 (X11; Ubuntu; Linux i686; rv:24.0) Gecko/20100101 Firefox/24.0,
  Mozilla/4.0 (compatible; MSIE 8.0; Windows NT 5.1; Trident/4.0; Mozilla/4.0 (compatible; MSIE 6.0; Windows NT 5.1; SV1) ; InfoPath.2; .NET CLR 2.0.50727; .NET CLR 3.0.4506.2152; .NET CLR 3.5.30729; .NET4.0C; .NET4.0E),
  Mozilla/5.0 (Linux; U; Android 4.2.1; es-es; A70M Build/JOP40D) AppleWebKit/534.30 (KHTML, like Gecko) Version/4.0 Safari/534.30,
  Mozilla/5.0 (X11; Linux i686; rv:2.0.1) Gecko/20100101 Firefox/4.0.1,
  Mozilla/5.0 (Macintosh; Intel Mac OS X 10.6; rv:7.0.1) Gecko/20100101 Firefox/7.0.1,
  Mozilla/5.0 (compatible; MSIE 9.0; Windows NT 6.1; Win64; x64; Trident/5.0),
  Mozilla/5.0 (Macintosh; Intel Mac OS X 10_6_8) AppleWebKit/537.36 (KHTML, like Gecko) Chrome/33.0.1750.117 Safari/537.36,
  Mozilla/5.0 (compatible; MSIE 10.0; Windows NT 6.2; Win64; x64; Trident/6.0; MANMJS),
  Mozilla/5.0 (Linux; Android 4.2.2; ME173X Build/JDQ39) AppleWebKit/537.36 (KHTML, like Gecko) Chrome/33.0.1750.135 Safari/537.36,
  Mozilla/5.0 (Windows NT 6.2; WOW64) AppleWebKit/537.36 (KHTML, like Gecko) Chrome/27.0.1453.116 Safari/537.36,
  Mozilla/5.0 (Windows NT 5.1) AppleWebKit/535.2 (KHTML, like Gecko) Chrome/15.0.874.24 Safari/535.2,
  Mozilla/4.0 (compatible; MSIE 7.0; Windows NT 6.2; WOW64; Trident/6.0; .NET4.0E; .NET4.0C; .NET CLR 3.5.30729; .NET CLR 2.0.50727; .NET CLR 3.0.30729; InfoPath.3; BRI/2; MAARJS),
  Mozilla/5.0 (Linux; U; Android 4.0.4; en-us; SGH-T989 Build/IMM76D) AppleWebKit/534.30 (KHTML, like Gecko) Version/4.0 Mobile Safari/534.30,
  Mozilla/4.0 (compatible; MSIE 8.0; Windows NT 5.1; Trident/4.0; .NET CLR 2.0.50727; InfoPath.3; .NET CLR 3.0.4506.2152; .NET CLR 3.5.30729),
  Mozilla/5.0 (Linux; U; Android 4.2.2; es-es; Unusual_U10Z Build/JDQ39) AppleWebKit/534.30 (KHTML, like Gecko) Version/4.0 Safari/534.30,
  Mozilla/5.0 (iPhone; CPU iPhone OS 7_0_4 like Mac OS X) AppleWebKit/536.26 (KHTML, like Gecko) GSA/3.2.1.25875 Mobile/11B554a Safari/8536.25,
  Mozilla/5.0 (Windows NT 6.3; WOW64; Trident/7.0; Touch; MASMJS; rv:11.0) like Gecko,
  Mozilla/4.0 (compatible; MSIE 7.0; Windows NT 5.1; Trident/4.0; GTB7.5; .NET CLR 2.0.50727; InfoPath.2; .NET CLR 3.0.4506.2152; .NET CLR 3.5.30729),
  Mozilla/5.0 (Windows NT 6.0) AppleWebKit/537.36 (KHTML, like Gecko) Chrome/32.0.1700.107 Safari/537.36,
  Mozilla/5.0 (Linux; Android 4.1.2; Lenovo A706_ROW Build/JZO54K) AppleWebKit/537.36 (KHTML, like Gecko) Chrome/33.0.1750.135 Mobile Safari/537.36,
  Mozilla/5.0 (Windows NT 6.3; Win64; x64; Trident/7.0; MAARJS; rv:11.0) like Gecko,
  Mozilla/5.0 (Windows NT 6.1; WOW64) AppleWebKit/535.19 (KHTML, like Gecko) Chrome/18.0.1025.142 Safari/535.19,
  Mozilla/5.0 (Windows NT 6.0) AppleWebKit/537.36 (KHTML, like Gecko) Chrome/32.0.1700.76 Safari/537.36,
  Mozilla/5.0 (iPad; CPU OS 7_0_6 like Mac OS X) AppleWebKit/537.51.1 (KHTML, like Gecko) Mobile/11B651 [FBAN/FBIOS;FBAV/7.0.0.17.1;FBBV/1325030;FBDV/iPad2,1;FBMD/iPad;FBSN/iPhone OS;FBSV/7.0.6;FBSS/1; FBCR/;FBID/tablet;FBLC/en_US;FBOP/1],
  Mozilla/5.0 (X11; Ubuntu; Linux i686; rv:26.0) Gecko/20100101 Firefox/26.0,
  Mozilla/4.0 (compatible; MSIE 8.0; Windows NT 6.1; Trident/4.0; SLCC2; .NET CLR 2.0.50727; .NET CLR 3.5.30729; .NET CLR 3.0.30729; Media Center PC 6.0; .NET CLR 1.1.4322; .NET4.0C; .NET4.0E),
  Mozilla/5.0 (Linux; U; Android 4.1.2; pt-br; XT890 Build/9.8.2I-50_SML-29) AppleWebKit/534.30 (KHTML, like Gecko) Version/4.0 Mobile Safari/534.30,
  Mozilla/5.0 (compatible; MSIE 10.0; Windows NT 6.2; WOW64; Trident/6.0; ASU2JS),
  Mozilla/5.0 (Series40; Nokia205/03.19; Profile/MIDP-2.1 Configuration/CLDC-1.1) Gecko/20100401 S40OviBrowser/3.7.0.0.11,
  Mozilla/5.0 (Linux; U; Android 4.1.2; it-it; SAMSUNG GT-I8190/I8190XXAMJ3 Build/JZO54K) AppleWebKit/534.30 (KHTML, like Gecko) Version/4.0 Mobile Safari/534.30,
  Mozilla/5.0 (Linux; U; Android 4.2.2; es-es; GT-P5210 Build/JDQ39) AppleWebKit/534.30 (KHTML, like Gecko) Version/4.0 Safari/534.30,
  Mozilla/5.0 (iPhone; CPU iPhone OS 7_0_6 like Mac OS X) AppleWebKit/537.51.1 (KHTML, like Gecko) Mobile/11B651 [FBAN/FBIOS;FBAV/7.0.0.17.1;FBBV/1325030;FBDV/iPhone6,1;FBMD/iPhone;FBSN/iPhone OS;FBSV/7.0.6;FBSS/2; FBCR/T-Mobile;FBID/phone;FBLC/en_US;FBOP/5],
  Mozilla/5.0 (Linux; Android 4.4.2; Nexus 7 Build/KOT49H) AppleWebKit/537.36 (KHTML, like Gecko) Chrome/33.0.1750.136 Safari/537.36,
  Mozilla/5.0 (Windows NT 6.1) AppleWebKit/537.36 (KHTML, like Gecko) Chrome/34.0.1847.11 Safari/537.36,
  Mozilla/5.0 (Linux; U; Android 4.0.4; zh-cn; GT-I9300 Build/IMM76D) AppleWebKit/534.30 (KHTML, like Gecko) Version/4.0 Mobile Safari/534.30,
  Mozilla/5.0 (Linux; Android 4.1.1; ALCATEL ONE TOUCH 4030A Build/JRO03C) AppleWebKit/537.36 (KHTML, like Gecko) Chrome/33.0.1750.136 Mobile Safari/537.36,
  Mozilla/4.0 (compatible; MSIE 8.0; Windows NT 6.1; Trident/4.0; SLCC2; .NET CLR 2.0.50727; .NET CLR 3.5.30729; .NET CLR 3.0.30729; Media Center PC 6.0; InfoPath.2),
  Mozilla/5.0 (Windows NT 6.1; WOW64) AppleWebKit/537.36 (KHTML, like Gecko) Chrome/29.0.1547.66 Safari/537.36,
  Mozilla/5.0 (Windows NT 6.2; WOW64) AppleWebKit/537.36 (KHTML, like Gecko) Chrome/35.0.1862.2 Safari/537.36,
  Mozilla/5.0 (Linux; Android 4.4.2; Nexus 7 Build/KOT49H) AppleWebKit/537.36 (KHTML, like Gecko) Chrome/32.0.1700.99 Safari/537.36,
  Mozilla/5.0 (Linux; U; Android 2.3.4; pl-pl; SonyEricssonMT15i Build/4.0.2.A.0.62) AppleWebKit/533.1 (KHTML, like Gecko) Version/4.0 Mobile Safari/533.1,
  Mozilla/5.0 (Windows NT 6.1; WOW64) AppleWebKit/537.36 (KHTML, like Gecko) Chrome/32.0.1700.102 Safari/537.36,
  Mozilla/5.0 (Linux; Android 4.4.2; Nexus 7 Build/KOT49H) AppleWebKit/537.36 (KHTML, like Gecko) Chrome/33.0.1750.135 Safari/537.36,
  Mozilla/5.0 (X11; Linux x86_64; rv:24.0) Gecko/20140205 Firefox/24.0 Iceweasel/24.3.0,
  Mozilla/5.0 (Linux; Android 4.1.2; GT-P3110 Build/JZO54K) AppleWebKit/537.36 (KHTML, like Gecko) Chrome/33.0.1750.135 Safari/537.36,
  Mozilla/5.0 (Linux; Android 4.4.2; Nexus 10 Build/KOT49H) AppleWebKit/537.36 (KHTML, like Gecko) Version/4.0 Chrome/30.0.0.0 Safari/537.36,
  Mozilla/4.0 (compatible; MSIE 8.0; Windows NT 6.1; WOW64; Trident/4.0; SLCC2; .NET CLR 2.0.50727; .NET CLR 3.5.30729; .NET CLR 3.0.30729; Media Center PC 6.0; InfoPath.3; MS-RTC LM 8; AskTbALSV5/5.15.25.44892),
  Mozilla/4.0 (compatible; MSIE 8.0; Windows NT 5.1; Trident/4.0; .NET CLR 1.1.4322; .NET CLR 2.0.50727; .NET CLR 3.0.4506.2152; .NET CLR 3.5.30729; .NET4.0C),
  Mozilla/4.0 (compatible; MSIE 7.0; Windows NT 6.1; Trident/6.0; InfoPath.3; .NET4.0C),
  Mozilla/5.0 (Windows NT 6.3; ARM; Trident/7.0; Touch; ARMAJS; rv:11.0) like Gecko,
  Mozilla/5.0 (compatible; MSIE 10.0; Windows NT 6.2; WOW64; Trident/6.0; Touch),
  Mozilla/5.0 (compatible; MSIE 10.0; Windows NT 6.2; Win64; x64; Trident/6.0; MAGWJS),
  Mozilla/5.0 (iPad; CPU OS 7_0_2 like Mac OS X) AppleWebKit/537.51.1 (KHTML, like Gecko) Mobile/11A501 [FBAN/FBIOS;FBAV/7.0.0.17.1;FBBV/1325030;FBDV/iPad3,4;FBMD/iPad;FBSN/iPhone OS;FBSV/7.0.2;FBSS/2; FBCR/;FBID/tablet;FBLC/es_ES;FBOP/1],
  Mozilla/5.0 (Linux; U; Android 2.3.4; en-us; SCH-R720 Build/GINGERBREAD) AppleWebKit/533.1 (KHTML, like Gecko) Version/4.0 Mobile Safari/533.1,
  Mozilla/4.0 (compatible; MSIE 8.0; Windows NT 6.1; Trident/4.0; GTB6.5; BTRS98684; SLCC2; .NET CLR 2.0.50727; .NET CLR 3.5.30729; .NET CLR 3.0.30729; InfoPath.2; .NET4.0C),
  Mozilla/5.0 (Linux; U; Android 4.0.3; es-us; MediaPad 7 Lite Build/HuaweiMediaPad) AppleWebKit/534.30 (KHTML, like Gecko) Version/4.0 Safari/534.30,
  Mozilla/5.0 (iPad; CPU OS 7_0_6 like Mac OS X) AppleWebKit/537.51.1 (KHTML, like Gecko) Mobile/11B651 [FBAN/FBIOS;FBAV/7.0.0.17.1;FBBV/1325030;FBDV/iPad2,3;FBMD/iPad;FBSN/iPhone OS;FBSV/7.0.6;FBSS/1; FBCR/Verizon;FBID/tablet;FBLC/en_US;FBOP/1],
  Mozilla/5.0 (Macintosh; Intel Mac OS X 10_7_5) AppleWebKit/536.29.13 (KHTML, like Gecko) Version/6.0.4 Safari/536.29.13,
  Mozilla/5.0 (Windows NT 6.2; WOW64) AppleWebKit/537.36 (KHTML, like Gecko) Chrome/34.0.1847.11 Safari/537.36,
  Mozilla/5.0 (Linux; U; Android 4.1.2; en-us; GT-I9300 Build/JZO54K) AppleWebKit/534.30 (KHTML, like Gecko) Version/4.0 Mobile Safari/534.30,
  Mozilla/5.0 (Windows NT 6.1; rv:27.0) Gecko/20100101 Firefox/27.0 AlexaToolbar/alxf-2.19,
  Mozilla/5.0 (iPhone; CPU iPhone OS 7_0_6 like Mac OS X) AppleWebKit/537.51.1 (KHTML, like Gecko) Mobile/11B651 [FBAN/FBIOS;FBAV/7.0.0.17.1;FBBV/1325030;FBDV/iPhone5,2;FBMD/iPhone;FBSN/iPhone OS;FBSV/7.0.6;FBSS/2; FBCR/Verizon;FBID/phone;FBLC/en_US;FBOP/5],
  Mozilla/5.0 (Windows NT; Win64; x64; rv:26.0) Gecko/20100101 Firefox/26.0 Waterfox/26.0,
  Mozilla/5.0 (Linux; U; Android 4.0.4; es-us; C5170 Build/IML77) AppleWebKit/534.30 (KHTML, like Gecko) Version/4.0 Mobile Safari/534.30,
  Mozilla/5.0 (compatible; MSIE 9.0; Windows NT 6.0; Trident/5.0; FunWebProducts),
  Mozilla/5.0 (Macintosh; Intel Mac OS X 10_9_0) AppleWebKit/537.36 (KHTML, like Gecko) Chrome/34.0.1847.11 Safari/537.36,
  Mozilla/5.0 (Linux; Android 4.1.2; XT925 Build/9.8.2Q-50-XT925_VQLM-24) AppleWebKit/537.36 (KHTML, like Gecko) Chrome/32.0.1700.99 Mobile Safari/537.36,
  Mozilla/5.0 (BlackBerry; U; BlackBerry 9900; en-GB) AppleWebKit/534.11+ (KHTML, like Gecko) Version/7.1.0.714 Mobile Safari/534.11+,
  Mozilla/5.0 (Windows NT 5.1; rv:6.0.2) Gecko/20100101 Firefox/6.0.2,
  Mozilla/5.0 (Linux; Android 4.1.2; HUAWEI P2-6011 Build/HuaweiP2-6011) AppleWebKit/537.36 (KHTML, like Gecko) Chrome/32.0.1700.99 Mobile Safari/537.36,
  Mozilla/5.0 (Linux; U; Android 2.3.6; es-us; ZTE KIS II Build/GRK39F) AppleWebKit/533.1 (KHTML, like Gecko) Version/4.0 Mobile Safari/533.1,
  Mozilla/5.0 (Linux; U; Android 4.1.2; es-sa; LG-E450f Build/JZO54K) AppleWebKit/534.30 (KHTML, like Gecko) Version/4.0 Mobile Safari/534.30,
  Mozilla/4.0 (compatible; MSIE 8.0; Windows NT 5.1; Trident/4.0; GTB7.5; .NET4.0C; .NET CLR 2.0.50727; .NET CLR 3.0.4506.2152; .NET CLR 3.5.30729)